{
  "$schema": "https://vega.github.io/schema/vega-lite/v5.json",
  "data": {
    "url": "https://api.worldbank.org/v2/country/kor/indicator/SP.DYN.TFRT.IN?format=json",
    "format": {"property": "[1]"}
  },
  "width": 500,
  "height": 350,
  "mark": "line",
  "title": {
    "text": "South Korea: declining fertility",
    "subtitle": "Total Fertility Rate Source: World Bank"
  },
  "encoding": {
    "x": {
      "field": "date",
      "type": "temporal",
      "title": "",
      "axis": {"grid": false}
    },
    "y": {"field": "value", "type": "quantitative", "title": ""}
  }
}